word,Codes
normaloid,CoH
normaloids,CoH
normiebook,CoH
normiedom,CoH
normieland,CoH
normo,CoH
normoid,CoH
normoids,CoH
normscum,CoH
normshit,CoH
normshits,CoH
normtard,CoH
normtards,CoH
normtroopers,CoH
normy,CoH
nwalt,CoH
reeee,CoH
reeeee,CoH
reeeeeeeeeeeeeeeeeeeee,CoH
reeeeeeeeeeeeeeeeeeeeeeeeeee,CoH
reeeeeing,CoH
reeeeing,CoH
wagecuck,CoH
wagecucking,CoH
wagecucks,CoH
wageslave,CoH
wageslaves,CoH
wageslaving,CoH
wagie,CoH
alphadestiny,CoM
alphafux,CoM
alphaness,CoM
amalt,CoM
asianmasculinity,CoM
babebux,CoM
betabux,CoM
betabuxing,CoM
betabuxxes,CoM
betabuxxing,CoM
betafag,CoM
betafied,CoM
betamale,CoM
betamales,CoM
betaness,CoM
bitchboy,CoM
broscience,CoM
bugman,CoM
bugmen,CoM
bukake,CoM
buxed,CoM
buxes,CoM
buxx,CoM
buxxed,CoM
chadbro,CoM
chadcels,CoM
chadcock,CoM
chaddam,CoM
chaddams,CoM
chadded,CoM
chadder,CoM
chaddest,CoM
chaddier,CoM
chaddiest,CoM
chadding,CoM
chaddington,CoM
chadhood,CoM
chadlet,CoM
chadlight,CoM
chadlike,CoM
chadlite,CoM
chadlites,CoM
chadly,CoM
chadness,CoM
chadstralia,CoM
chadullah,CoM
christcucks,CoM
chuds,CoM
cuckada,CoM
cuckage,CoM
cuckboi,CoM
cuckbook,CoM
cuckboys,CoM
cuckcel,CoM
cuckdom,CoM
cuckening,CoM
cucker,CoM
cuckery,CoM
cuckface,CoM
cuckfest,CoM
cuckfestus,CoM
cuckiest,CoM
cuckifornia,CoM
cuckin,CoM
cuckington,CoM
cuckish,CoM
cuckism,CoM
cuckistan,CoM
cuckit,CoM
cuckland,CoM
cucklord,CoM
cucklords,CoM
cucknada,CoM
cuckness,CoM
cuckoldery,CoM
cucks,CoM
cucktear,CoM
cucktears,CoM
cucky,CoM
cux,CoM
fakecel,CoM
fakecels,CoM
femboy,CoM
femboys,CoM
gentlesir,CoM
gigacuck,CoM
knightery,CoM
kunfidence,CoM
madlad,CoM
madlads,CoM
maginas,CoM
manginas,CoM
megachad,CoM
mlady,CoM
neomasculinity,CoM
nonchad,CoM
nonchads,CoM
normalfag,CoM
normalfags,CoM
normcuck,CoM
normcucks,CoM
numale,CoM
poolboy,CoM
reviewbrah,CoM
simpathy,CoM
simped,CoM
simpery,CoM
simphood,CoM
simpiest,CoM
simpin,CoM
simping,CoM
simpish,CoM
simpness,CoM
soiboi,CoM
soibois,CoM
soyboi,CoM
soyboy,CoM
soyboys,CoM
soyface,Com
soyim,CoM
soys,CoM
subchad,CoM
superchad,CoM
terachad,CoM
terrachad,CoM
turbochad,CoM
turbomanlets,CoM
uberchad,CoM
ultracock,CoM
uncuck,CoM
uncucked,CoM
whiteknighted,CoM
whiteknighting,CoM
whitenights,CoM
amog,CoM 
amoging,CoM 
amogs,CoM 
askcucks,CoM 
chadpreet,CoM 
chadpreets,CoM 
chadriguez,CoM 
chadrone,CoM 
changlite,CoM 
chinmogs,CoM 
cuckqueers,CoM 
cuckservative,CoM 
cuckservatives,CoM 
gigachang,CoM 
libcuck,CoM 
aloners,DEP
oneitis,DEP
oneitus,DEP
onenitis,DEP
onision,DEP
onitis,DEP
permavirgin,DEP
relationshit,DEP
relationshits,DEP
sadboy,DEP
sadcringe,DEP
sexlessness,DEP
womanless,DEP
faers,DEP 
foreveraloners,DEP 
handholdless,DEP 
himtoo,DEP 
hugless,DEP 
iwh,DEP 
khhv,DEP 
khv,DEP 
kissless,DEP 
loserdom,DEP 
loveshy,DEP 
subhumanity,DEP 
talkless,DEP 
tfler,DEP 
tflers,DEP 
tressless,DEP 
waifuism,DEP 
wifu,DEP 
adalt,DET
agepill,DET
alwalt,DET
awalt,DET
blackpill,DET
blackpilled,DET
blackpilling,DET
blackpills,DET
bluepill,DET
bluepilled,DET
bluepilling,DET
bluepills,DET
bper,DET
briffaults,DET
copulin,DET
copulins,DET
cursedcel,DET
femceldom,DET
hypergamic,DET
hypergamists,DET
hypergamous,DET
hypergamously,DET
hypoagency,DET
inceldom,DET
incelhalla,DET
incelhood,DET
incelibacy,DET
incelibate,DET
incelish,DET
incelly,DET
incelness,DET
maledom,DET
nonincel,DET
pillers,DET
pinkpill,DET
pinkpilled,DET
purplepill,DET
racepill,DET
redpill,DET
redpilled,DET
redpillers,DET
redpilling,DET
redpills,DET
redpillwoman,DET
redpillwomen,DET
thebluepill,DET
theredpill,DET
truthpill,DET
volcel,DET
volceldom,DET
volcels,DET
whitepill,DET
dysgenic,DET   
dysgenics,DET   
afalt,DoW
afterthot,DoW
americunt,DoW
beckies,DoW
beckys,DoW
biocunt,DoW
biocunts,DoW
bitchmade,DoW
bitchute,DoW
boobily,DoW
boredfemoid,DoW
branchers,DoW
branchswing,DoW
butterfaces,DoW
camwhores,DoW
camwhoring,DoW
carouseling,DoW
chadsexuals,DoW
chimping,DoW
crotchfruit,DoW
cuckquean,DoW
cuntery,DoW
cuntfused,DoW
currywhore,DoW
damseling,DoW
ewalt,DoW
fakerape,DoW
fakeup,DoW
feeeemale,DoW
feeeemales,DoW
feeemale,DoW
feefees,DoW
femails,DoW
femaloid,DoW
femaloids,DoW
femanoid,DoW
femanon,DoW
femiod,DoW
femorrhoid,DoW
femorrhoids,DoW
foids,DoW
goblina,DoW
gynos,DoW
hambeast,DoW
hambeasts,DoW
hampstering,DoW
hamstered,DoW
hamstering,DoW
hogbeast,DoW
hoors,DoW
kunts,DoW
landwhale,DoW
landwhales,DoW
milkies,DoW
moid,DoW
monkeybranch,DoW
monkeybranched,DoW
muffington,DoW
noodlewhore,DoW
ovulators,DoW
postwall,DoW
ricewhore,DoW
ridingchad,DoW
roastflaps,DoW
roastie,DoW
roastlet,DoW
roastlets,DoW
stacylites,DoW
whaman,DoW
whamen,DoW
whamyn,DoW
womanese,DoW
wurstie,DoW
wursties,DoW
pawgs,DoW 
awalts,DoW
dependas,FR
divorcerape,FR
ghow,FR
gmow,FR
goow,FR
gyow,FR
husbank,FR
mgtoe,FR
mgtowed,FR
mgtowing,FR
mgtowism,FR
mgtowlifestyle,FR
mgtowmusic,FR
mgtowness,FR
mgtowtherapy,FR
mstow,FR
norwooding,FR
orbitor,FR
orbitors,FR
orbitter,FR
orbitters,FR
orbitting,FR
pussypass,FR
pussypassdenied,FR
pussypasses,FR
pussywhipped,FR
shittesting,FR
shittests,FR
spermjack,FR
spermjacked,FR
spermjacking,FR
gtow,FR 
vaginamony,FR 
girlfiend,FR  
acnecel,LOA
acnecels,LOA
altrightcel,LOA
amiugly,LOA
maxxed,LOA
moger,LOA
mogged,LOA
mogger,LOA
mogging,LOA
moggs,LOA
moneymaxxed,LOA - CLASS
thugmax,LOA
trapmaxx,LOA
daygame,LOA 
smartcel,LOA 
thugmaxx,LOA 
thugmaxxed,LOA 
careermax,LOA - Class
poorcel,LOA - Class
poorcels,LOA - Class
povertycel,LOA - Class
standardcel,LOA - Class
statusmax,LOA - Class
statusmaxxing,LOA - Class
stemcel,LOA - Class
stemcelling,LOA - Class
stemcels,LOA - Class
studycel,LOA - Class
studycelling,LOA - Class
wagecel,LOA - Class
wagecelling,LOA - Class
wagecels,LOA - Class
anxietycel,LOA - MH
babydick,LOA - PA
babyfacecel,LOA - PA
babyfaced,LOA - PA
baldingcel,LOA - PA
birdcel,LOA - PA
birdcels,LOA - PA
bonestructure,LOA - PA
chadfish,LOA - PA
chadfishing,LOA - PA
chincel,LOA - PA
chincels,LOA - PA
cursedimages,LOA - PA
cutecel,LOA - PA
deformedcel,LOA - PA
degeneratemaxxing,LOA - PA
dickcel,LOA - PA
dicklet,LOA - PA
dicklets,LOA - PA
dyel,LOA - PA
eyecel,LOA - PA
facemog,LOA - PA
facemogs,LOA - PA
facewise,LOA - PA
failo,LOA - PA
fashionmaxx,LOA - PA
fashionmaxxing,LOA - PA
fatcel,LOA - PA
framecel,LOA - PA
framelet,LOA - PA
framemog,LOA - PA
framemogs,LOA - PA
fwhr,LOA - PA
gainit,LOA - PA
gigastacies,LOA - PA
gigastacy,LOA - PA
goblincel,LOA - PA
gomad,LOA - PA
gymbro,LOA - PA
gymbros,LOA - PA
gymcel,LOA - PA
gymceled,LOA - PA
gymcell,LOA - PA
gymcelled,LOA - PA
gymcelling,LOA - PA
gymcels,LOA - PA
gyming,LOA - PA
gymmax,LOA - PA
gymming,LOA - PA
handcel,LOA - PA
heightcel,LOA - PA
heightcels,LOA - PA
heightism,LOA - PA
heightist,LOA - PA
heightists,LOA - PA
heightmog,LOA - PA
heightmogging,LOA - PA
heightmogs,LOA - PA
heightpill,LOA - PA
incelselfies,LOA - PA
jawcel,LOA - PA
jawcels,LOA - PA
jawmogs,LOA - PA
lanklet,LOA - PA
lanklets,LOA - PA
legbeard,LOA - PA
legbeards,LOA - PA
manlet,LOA - PA
manletcel,LOA - PA
manletcels,LOA - PA
manletism,LOA - PA
manlets,LOA - PA
manwhale,LOA - PA
neckbearded,LOA - PA
nosecel,LOA - PA
nosecels,LOA - PA
ogrecel,LOA - PA
ogrecels,LOA - PA
okayish,LOA - PA
oldcel,LOA - PA
oldcels,LOA - PA
personalitymaxxing,LOA - PA
roidcel,LOA - PA
roidcelling,LOA - PA
roidmaxx,LOA - PA
rolleyes,LOA - PA
shortcel,LOA - PA
shortcels,LOA - PA
showermaxxing,LOA - PA
skinnycels,LOA - PA
skullcel,LOA - PA
skullmogged,LOA - PA
stacys,LOA - PA
stblackops,LOA - PA
stblackopscel,LOA - PA
studymaxxing,LOA - PA
surgerymaxing,LOA - PA
surgerymaxxing,LOA - PA
tallcel,LOA - PA
trollcel,LOA - PA
truecel,LOA - PA
truecell,LOA - PA
uggocel,LOA - PA
uglycel,LOA - PA
uglyduckling,LOA - PA
unmoggable,LOA - PA
vocel,LOA - PA
vocels,LOA - PA
voicecel,LOA - PA
voicel,LOA - PA
voicels,LOA - PA
womanlets,LOA - PA
wristcel,LOA - PA
wristcels,LOA - PA
wristmogs,LOA - PA
wswswy,LOA - PA
youngcel,LOA - PA
youngcels,LOA - PA
bloatmaxx,LOA - PA 
bloatmaxxing,LOA - PA 
lookism,LOA - PA 
lookist,LOA - PA 
lookists,LOA - PA 
lookmatch,LOA - PA 
lookmaxing,LOA - PA 
lookmaxx,LOA - PA 
looksism,LOA - PA 
lookslevel,LOA - PA 
looksmatch,LOA - PA 
looksmatched,LOA - PA 
looksmatching,LOA - PA 
looksmax,LOA - PA 
looksmaxed,LOA - PA 
lookstheory,LOA - PA 
lookswise,LOA - PA 
maxcel,LOA - PA 
maxcell,LOA - PA 
blackopscel,LOA - Pol 
nazicel,LOA - Pol 
nazicels,LOA - Pol 
amwf,LOA - Race
arabcel,LOA - Race
asiancel,LOA - Race
asiancels,LOA - Race
beancel,LOA - Race
blackcel,LOA - Race
blackcels,LOA - Race
browncels,LOA - Race
caucasoids,LOA - Race
currycells,LOA - Race
currycels,LOA - Race
currypill,LOA - Race
ethniccel,LOA - Race
ethnicels,LOA - Race
hapacel,LOA - Race
hapacels,LOA - Race
jewcel,LOA - Race
jewcels,LOA - Race
justbewhite,LOA - Race
kebabcel,LOA - Race
kebabcels,LOA - Race
mudshark,LOA - Race
mudsharks,LOA - Race
muslimcel,LOA - Race
muslimcels,LOA - Race
racecoping,LOA - Race
ricecel,LOA - Race
ricecels,LOA - Race
sandcel,LOA - Race
sandcels,LOA - Race
slavcel,LOA - Race
stormfrontcel,LOA - Race
stormfrontcels,LOA - Race
terroristcels,LOA - Race
tryone,LOA - Race
turbancel,LOA - Race
tyrones,LOA - Race
tyronne,LOA - Race
brocel,LOA - SM
brothercel,LOA - SM
brothercels,LOA - SM
calculatorcel,LOA - SM
drugcel,LOA - SM
dumbcel,LOA - SM
dumbcels,LOA - SM
escortcel,LOA - SM
escortceling,LOA - SM
escortcelling,LOA - SM
escortcels,LOA - SM
fellowcels,LOA - SM
finalfantasycel,LOA - SM
incelistan,LOA - SM
incellah,LOA - SM
incelocalypse,LOA - SM
incelosphere,LOA - SM
incelqueer,LOA - SM
incelqueers,LOA - SM
incelspeak,LOA - SM
incelsphere,LOA - SM
iqcel,LOA - SM
iqcels,LOA - SM
itcels,LOA - SM
iters,LOA - SM
lazycel,LOA - SM
locationcel,LOA - SM
lowiqcel,LOA - SM
lowiqcels,LOA - SM
modricel,LOA - SM
neetcel,LOA - SM
neetcels,LOA - SM
neetdom,LOA - SM
neeting,LOA - SM
pedocel,LOA - SM
pedocels,LOA - SM
weebcel,LOA - SM
weebcels,LOA - SM
braincell,Member
femcel,Member
femcels,Member
incels,Member
mghow,Member
mgotw,Member
mgow,Member
mgtowers,Member
mgtows,Member
migtow,Member
trper,Member
truefemcels,Member
austistic,MH
copers,MH
deathfuel,MH
gigacope,MH
gymcope,MH
hopecel,MH
hopefuel,MH
itsover,MH
ldar,MH
ldared,MH
ldaring,MH
lifefuel,MH
megacope,MH
mental cel,MH
mentalcel,MH
mentalcels,MH
monkmode,MH
nsfl,MH
personalitycels,MH
ragefuel,MH
sanctionedsuicide,MH
suicidefuel,MH
suicidewatch,MH
suiciding,MH
suifeul,MH
suifuel,MH
suiwatch,MH
supportcel,MH
desexualized,OF
femcentric,OF
feminasties,OF
feminizes,OF
femnazi,OF
fempire,OF
fempocalypse,OF
femspeak,OF
femtard,OF
gynocentic,OF
gynocentrics,OF
gynocracy,OF
gynocratic,OF
meetoo,OF
meninism,OF
menkampf,OF
mensez,OF
misandrous,OF
muhsoggyknee,OF
nawalts,OF
oppreshun,OF
pedestalise,OF
pedestalization,OF
pedestalize,OF
pedestalized,OF
pedestalizing,OF
plowhorse,OF
poundmetoo,OF
providership,OF
pussification,OF
pussyhat,OF
tradcon,OF
tradcons,OF
tradcuckery,OF
tradecon,OF
tradthot,OF
tradthots,OF
tradwife,OF
trannymax,OF
trannymaxx,OF
triggerd,OF
trigglypuff,OF
womansplain,OF
womanspreading,OF
soginy,OF 
acalt,TM
biotroofs,TM
biotruth,TM
biotruths,TM
boobologist,TM
catcel,TM
catcels,TM
dogpill,TM
inceldense,TM
inceltards,TM
incelz,TM
inzel,TM
jooz,TM
misogynatomy,TM
nopoop,TM
pigtow,TM
poscels,TM
puahate,TM
racistcel,TM
rapecel,TM
retardcel,TM
retardcels,TM
rightcels,TM
righters,TM
terper,TM
terpers,TM